"symbol","status","n_reports_found","attempts","last_try"
"AAPL","ok",8,1,"2026-07-21 22:17:13.997979"
"NVDA","ok",8,1,"2026-07-21 22:17:16.589723"
"MSFT","ok",8,1,"2026-07-21 22:17:18.778817"
"AMZN","ok",8,1,"2026-07-21 22:17:20.757204"
"GOOGL","ok",8,1,"2026-07-21 22:17:22.899955"
"GOOG","ok",8,1,"2026-07-21 22:40:25.5009"
"META","ok",8,1,"2026-07-21 22:40:26.9591"
"TSLA","ok",8,1,"2026-07-21 22:40:29.517902"
"AVGO","ok",8,1,"2026-07-21 22:40:30.984608"
"BRK-B","ok",8,1,"2026-07-21 22:40:32.769896"
"WMT","ok",8,1,"2026-07-21 22:40:43.480228"
"LLY","ok",8,1,"2026-07-21 22:40:49.831085"
"JPM","ok",8,1,"2026-07-21 22:40:52.227619"
"V","ok",8,1,"2026-07-21 22:40:53.757809"
"MA","ok",8,1,"2026-07-21 22:40:55.690976"
"ORCL","ok",8,1,"2026-07-21 22:40:57.509917"
"XOM","ok",8,1,"2026-07-21 22:40:59.909078"
"UNH","ok",8,1,"2026-07-21 22:41:02.08879"
"COST","ok",7,1,"2026-07-21 22:41:03.65307"
"PG","ok",8,1,"2026-07-21 22:41:05.581616"
"HD","ok",8,1,"2026-07-21 22:41:08.082088"
"NFLX","ok",8,1,"2026-07-21 22:41:10.113084"
"JNJ","ok",8,1,"2026-07-21 22:41:12.313006"
"BAC","ok",8,1,"2026-07-21 22:41:14.764681"
"CRM","ok",7,1,"2026-07-21 22:41:16.405246"
"ABBV","ok",8,1,"2026-07-21 22:41:19.032637"
"KO","ok",8,1,"2026-07-21 22:41:21.380061"
"TMUS","ok",7,1,"2026-07-21 22:41:23.639075"
"CVX","ok",8,1,"2026-07-21 22:41:25.348138"
"MRK","ok",8,1,"2026-07-21 22:41:28.328338"
"WFC","ok",7,1,"2026-07-21 22:41:30.574737"
"CSCO","ok",8,1,"2026-07-21 22:41:32.241198"
"ACN","ok",8,1,"2026-07-21 22:41:34.659222"
"NOW","ok",7,1,"2026-07-21 22:41:42.327392"
"AXP","ok",7,1,"2026-07-21 22:41:44.889131"
"MCD","ok",8,1,"2026-07-21 22:41:46.691786"
"PEP","ok",8,1,"2026-07-21 22:41:48.344882"
"BX","ok",8,1,"2026-07-21 22:41:50.805966"
"IBM","ok",8,1,"2026-07-21 22:41:52.646786"
"DIS","ok",8,1,"2026-07-21 22:41:54.349212"
"LIN","ok",8,1,"2026-07-21 22:41:56.666997"
"TMO","ok",8,1,"2026-07-21 22:41:58.883557"
"MS","ok",8,1,"2026-07-21 22:42:01.72747"
"ABT","ok",8,1,"2026-07-21 22:42:04.122011"
"ADBE","ok",8,1,"2026-07-21 22:42:06.240607"
"AMD","ok",8,1,"2026-07-21 22:42:08.548924"
"PM","ok",8,1,"2026-07-21 22:42:10.297991"
"ISRG","ok",7,1,"2026-07-21 22:42:12.319937"
"PLTR","ok",7,1,"2026-07-21 22:42:14.790941"
"GE","ok",8,1,"2026-07-21 22:42:17.223918"
"INTU","ok",7,1,"2026-07-21 22:42:19.237424"
"GS","ok",8,1,"2026-07-21 22:42:21.885672"
"CAT","ok",8,1,"2026-07-21 22:42:24.342624"
"TXN","ok",8,1,"2026-07-21 22:42:26.602036"
"QCOM","ok",8,1,"2026-07-21 22:42:28.402206"
"VZ","ok",8,1,"2026-07-21 22:42:30.888318"
"BKNG","ok",8,1,"2026-07-21 22:42:33.664141"
"DHR","ok",8,1,"2026-07-21 22:42:35.460886"
"T","ok",8,1,"2026-07-21 22:42:37.427418"
"BLK","ok",8,1,"2026-07-21 22:42:39.678314"
"RTX","ok",8,1,"2026-07-21 22:42:41.770915"
"SPGI","ok",8,1,"2026-07-21 22:42:43.819243"
"PFE","ok",8,1,"2026-07-21 22:42:45.763436"
"HON","ok",8,1,"2026-07-21 22:42:47.418012"
"NEE","ok",8,1,"2026-07-21 22:42:49.967824"
"CMCSA","ok",8,1,"2026-07-21 22:42:51.512396"
"ANET","ok",8,1,"2026-07-21 22:42:53.969211"
"AMGN","ok",8,1,"2026-07-21 22:42:55.951901"
"PGR","ok",6,1,"2026-07-21 22:42:58.311554"
"LOW","ok",8,1,"2026-07-21 22:43:00.712914"
"SYK","ok",8,1,"2026-07-21 22:43:03.32949"
"UNP","ok",8,1,"2026-07-21 22:43:05.315801"
"TJX","ok",8,1,"2026-07-21 22:43:07.636236"
"KKR","ok",8,1,"2026-07-21 22:43:09.335544"
"SCHW","ok",8,1,"2026-07-21 22:43:11.18971"
"ETN","ok",8,1,"2026-07-21 22:43:13.708612"
"AMAT","ok",8,1,"2026-07-21 22:43:15.213139"
"BA","ok",8,1,"2026-07-21 22:43:17.073412"
"BSX","ok",8,1,"2026-07-21 22:43:19.611212"
"C","ok",8,1,"2026-07-21 22:43:22.58559"
"UBER","ok",8,1,"2026-07-21 22:43:24.121189"
"COP","ok",8,1,"2026-07-21 22:43:26.368028"
"PANW","ok",8,1,"2026-07-21 22:43:28.907304"
"ADP","ok",8,1,"2026-07-21 22:43:30.316094"
"DE","ok",8,1,"2026-07-21 22:43:32.38934"
"FI","empty",0,1,"2026-07-21 22:44:04.031337"
"BMY","ok",8,1,"2026-07-21 22:44:06.709894"
"LMT","ok",8,1,"2026-07-21 22:44:08.743655"
"GILD","ok",8,1,"2026-07-21 22:44:11.330831"
"NKE","ok",8,1,"2026-07-21 22:44:13.143375"
"CB","ok",8,1,"2026-07-21 22:44:15.870658"
"UPS","ok",8,1,"2026-07-21 22:44:17.572616"
"ADI","ok",8,1,"2026-07-21 22:44:19.096847"
"MMC","ok",8,1,"2026-07-21 22:44:20.883808"
"MDT","ok",8,1,"2026-07-21 22:44:23.095059"
"VRTX","ok",8,1,"2026-07-21 22:44:24.532867"
"MU","ok",8,1,"2026-07-21 22:44:25.873641"
"SBUX","ok",8,1,"2026-07-21 22:44:28.627912"
"PLD","ok",8,1,"2026-07-21 22:44:31.132041"
"GEV","ok",7,1,"2026-07-21 22:44:33.401448"
"LRCX","ok",8,1,"2026-07-21 22:44:36.102424"
"MO","ok",8,1,"2026-07-21 22:44:38.417183"
"SO","ok",8,1,"2026-07-21 22:44:40.926727"
"EQIX","ok",7,1,"2026-07-21 22:44:43.298748"
"CRWD","ok",6,1,"2026-07-21 22:44:44.835434"
"PYPL","ok",8,1,"2026-07-21 22:44:46.892506"
"SHW","ok",8,1,"2026-07-21 22:44:49.058756"
"ICE","ok",8,1,"2026-07-21 22:44:50.589662"
"CME","ok",8,1,"2026-07-21 22:44:52.714284"
"AMT","ok",8,1,"2026-07-21 22:44:54.577841"
"APH","ok",8,1,"2026-07-21 22:44:57.144055"
"ELV","ok",8,1,"2026-07-21 22:44:59.307294"
"TT","ok",8,1,"2026-07-21 22:45:01.388077"
"MCO","ok",8,1,"2026-07-21 22:45:04.128336"
"CMG","ok",8,1,"2026-07-21 22:45:06.636488"
"INTC","ok",8,1,"2026-07-21 22:45:08.725293"
"KLAC","ok",8,1,"2026-07-21 22:45:11.300954"
"ABNB","ok",8,1,"2026-07-21 22:45:13.891749"
"DUK","ok",8,1,"2026-07-21 22:45:18.779631"
"PH","ok",8,1,"2026-07-21 22:45:21.111641"
"CDNS","ok",8,1,"2026-07-21 22:45:23.685156"
"WM","ok",8,1,"2026-07-21 22:45:25.977597"
"DELL","ok",7,1,"2026-07-21 22:45:28.416879"
"MDLZ","ok",8,1,"2026-07-21 22:45:29.795198"
"MAR","ok",8,1,"2026-07-21 22:45:31.35291"
"MSI","ok",8,1,"2026-07-21 22:45:33.346007"
"WELL","ok",8,1,"2026-07-21 22:45:44.27985"
"AON","ok",8,1,"2026-07-21 22:45:46.860294"
"REGN","ok",7,1,"2026-07-21 22:45:49.017338"
"CI","ok",8,1,"2026-07-21 22:45:51.107076"
"HCA","ok",7,1,"2026-07-21 22:45:53.424257"
"PNC","ok",8,1,"2026-07-21 22:45:55.39335"
"ITW","ok",8,1,"2026-07-21 22:45:56.980697"
"SNPS","ok",7,1,"2026-07-21 22:45:58.906409"
"CTAS","ok",8,1,"2026-07-21 22:46:01.142179"
"CL","ok",8,1,"2026-07-21 22:46:02.92298"
"USB","ok",8,1,"2026-07-21 22:46:04.77957"
"FTNT","ok",8,1,"2026-07-21 22:46:06.752639"
"ZTS","ok",8,1,"2026-07-21 22:46:08.263251"
"MCK","ok",8,1,"2026-07-21 22:46:10.252425"
"GD","ok",8,1,"2026-07-21 22:46:12.091648"
"TDG","ok",7,1,"2026-07-21 22:46:14.133131"
"CEG","ok",8,1,"2026-07-21 22:46:15.75958"
"AJG","ok",8,1,"2026-07-21 22:46:18.009315"
"EMR","ok",8,1,"2026-07-21 22:46:20.668298"
"MMM","ok",8,1,"2026-07-21 22:46:22.453075"
"ORLY","ok",8,1,"2026-07-21 22:46:24.449026"
"NOC","ok",8,1,"2026-07-21 22:46:26.027105"
"COF","ok",8,1,"2026-07-21 22:46:28.134612"
"ECL","ok",8,1,"2026-07-21 22:46:30.003989"
"EOG","ok",8,1,"2026-07-21 22:46:32.165085"
"FDX","ok",8,1,"2026-07-21 22:46:33.919414"
"BDX","ok",8,1,"2026-07-21 22:46:35.961946"
"APD","ok",7,1,"2026-07-21 22:46:38.349221"
"WMB","ok",8,1,"2026-07-21 22:46:40.690498"
"SPG","ok",8,1,"2026-07-21 22:46:42.973195"
"ADSK","ok",7,1,"2026-07-21 22:46:44.933669"
"RCL","ok",8,1,"2026-07-21 22:46:46.504554"
"RSG","ok",8,1,"2026-07-21 22:46:48.829373"
"CARR","ok",8,1,"2026-07-21 22:46:51.549575"
"CSX","ok",8,1,"2026-07-21 22:46:53.813706"
"HLT","ok",8,1,"2026-07-21 22:46:55.972549"
"DLR","ok",8,1,"2026-07-21 22:46:58.108141"
"TGT","ok",8,1,"2026-07-21 22:47:00.005387"
"KMI","ok",7,1,"2026-07-21 22:47:01.731622"
"OKE","ok",8,1,"2026-07-21 22:47:04.314105"
"TFC","ok",8,1,"2026-07-21 22:47:06.004906"
"AFL","ok",8,1,"2026-07-21 22:47:08.39702"
"GM","ok",8,1,"2026-07-21 22:47:10.989054"
"BK","ok",8,1,"2026-07-21 22:47:12.726676"
"ROP","ok",8,1,"2026-07-21 22:47:15.258963"
"MET","ok",7,1,"2026-07-21 22:47:17.228315"
"CPRT","ok",8,1,"2026-07-21 22:47:19.171317"
"FCX","ok",8,1,"2026-07-21 22:47:22.165896"
"CVS","ok",8,1,"2026-07-21 22:47:25.108292"
"PCAR","ok",8,1,"2026-07-21 22:47:26.612706"
"SRE","ok",8,1,"2026-07-21 22:47:29.162484"
"AZO","ok",8,1,"2026-07-21 22:47:31.663645"
"TRV","ok",8,1,"2026-07-21 22:47:33.758402"
"NXPI","ok",7,1,"2026-07-21 22:47:35.491474"
"JCI","ok",8,1,"2026-07-21 22:47:37.360824"
"GWW","ok",8,1,"2026-07-21 22:47:39.038691"
"NSC","ok",8,1,"2026-07-21 22:47:40.910114"
"PSA","ok",6,1,"2026-07-21 22:47:42.435592"
"SLB","ok",7,1,"2026-07-21 22:47:43.971627"
"AMP","ok",7,1,"2026-07-21 22:47:46.192131"
"ALL","ok",8,1,"2026-07-21 22:47:48.959269"
"FICO","ok",8,1,"2026-07-21 22:47:51.642259"
"MNST","ok",7,1,"2026-07-21 22:47:53.024117"
"PAYX","ok",8,1,"2026-07-21 22:47:54.874294"
"CHTR","ok",8,1,"2026-07-21 22:47:57.245086"
"AEP","ok",8,1,"2026-07-21 22:47:58.864048"
"ROST","ok",8,1,"2026-07-21 22:48:00.720895"
"PWR","ok",8,1,"2026-07-21 22:48:03.219994"
"CMI","ok",8,1,"2026-07-21 22:48:05.481675"
"AXON","ok",6,1,"2026-07-21 22:48:07.290025"
"VST","ok",6,1,"2026-07-21 22:48:09.741888"
"URI","ok",8,1,"2026-07-21 22:48:12.408359"
"MSCI","ok",8,1,"2026-07-21 22:48:15.112324"
"LULU","ok",8,1,"2026-07-21 22:48:17.421363"
"O","ok",8,1,"2026-07-21 22:48:19.397188"
"PSX","ok",8,1,"2026-07-21 22:48:21.241305"
"AIG","ok",8,1,"2026-07-21 22:48:23.100792"
"FANG","ok",8,1,"2026-07-21 22:48:25.39798"
"D","ok",8,1,"2026-07-21 22:48:27.485726"
"HWM","ok",7,1,"2026-07-21 22:48:29.703267"
"DHI","ok",8,1,"2026-07-21 22:48:31.96378"
"KR","ok",8,1,"2026-07-21 22:48:34.522899"
"NDAQ","ok",8,1,"2026-07-21 22:48:36.35156"
"OXY","ok",7,1,"2026-07-21 22:48:38.731339"
"EW","ok",8,1,"2026-07-21 22:48:40.327543"
"COR","ok",8,1,"2026-07-21 22:48:42.722481"
"KDP","ok",8,1,"2026-07-21 22:48:44.970719"
"FIS","ok",8,1,"2026-07-21 22:48:47.543592"
"KMB","ok",8,1,"2026-07-21 22:48:50.030304"
"NEM","ok",8,1,"2026-07-21 22:48:52.80978"
"DFS","ok",4,1,"2026-07-21 22:48:54.980924"
"PCG","ok",8,1,"2026-07-21 22:48:57.326424"
"TEL","ok",8,1,"2026-07-21 22:48:59.575285"
"MPC","ok",8,1,"2026-07-21 22:49:01.05506"
"FAST","ok",8,1,"2026-07-21 22:49:03.805505"
"AME","ok",8,1,"2026-07-21 22:49:05.668689"
"PEG","ok",8,1,"2026-07-21 22:49:07.737003"
"PRU","ok",8,1,"2026-07-21 22:49:09.614764"
"KVUE","ok",8,1,"2026-07-21 22:49:12.265828"
"STZ","ok",8,1,"2026-07-21 22:49:14.201384"
"GLW","ok",8,1,"2026-07-21 22:49:16.948198"
"LHX","ok",8,1,"2026-07-21 22:49:18.639236"
"GRMN","ok",8,1,"2026-07-21 22:49:21.088255"
"BKR","ok",8,1,"2026-07-21 22:49:23.139664"
"CBRE","ok",8,1,"2026-07-21 22:49:25.037669"
"CTVA","ok",8,1,"2026-07-21 22:49:26.994087"
"HES","empty",0,1,"2026-07-21 22:49:56.047118"
"CCI","ok",5,1,"2026-07-21 22:49:58.467114"
"DAL","ok",8,1,"2026-07-21 22:50:00.163204"
"CTSH","ok",8,1,"2026-07-21 22:50:02.432227"
"F","ok",8,1,"2026-07-21 22:50:04.609596"
"VRSK","ok",8,1,"2026-07-21 22:50:07.230916"
"EA","ok",3,1,"2026-07-21 22:50:08.729185"
"ODFL","ok",8,1,"2026-07-21 22:50:11.249897"
"XEL","ok",8,1,"2026-07-21 22:50:12.891976"
"TRGP","ok",8,1,"2026-07-21 22:50:15.036096"
"A","ok",8,1,"2026-07-21 22:50:17.139892"
"IT","ok",8,1,"2026-07-21 22:50:18.98491"
"LVS","ok",8,1,"2026-07-21 22:50:21.914791"
"SYY","ok",8,1,"2026-07-21 22:50:24.212201"
"VLO","ok",8,1,"2026-07-21 22:50:26.901745"
"OTIS","ok",8,1,"2026-07-21 22:50:29.30652"
"LEN","ok",8,1,"2026-07-21 22:50:31.30631"
"EXC","ok",8,1,"2026-07-21 22:50:33.675707"
"IR","ok",7,1,"2026-07-21 22:50:35.939427"
"YUM","ok",7,1,"2026-07-21 22:50:38.464933"
"KHC","ok",8,1,"2026-07-21 22:50:44.813253"
"GEHC","ok",8,1,"2026-07-21 22:50:46.336502"
"IQV","ok",7,1,"2026-07-21 22:50:50.606203"
"GIS","ok",8,1,"2026-07-21 22:50:52.208395"
"CCL","ok",8,1,"2026-07-21 22:50:53.799258"
"RMD","ok",8,1,"2026-07-21 22:50:56.028971"
"VMC","ok",8,1,"2026-07-21 22:50:58.755052"
"HSY","ok",8,1,"2026-07-21 22:51:00.196931"
"ACGL","ok",8,1,"2026-07-21 22:51:02.349913"
"IDXX","ok",8,1,"2026-07-21 22:51:05.073152"
"WAB","ok",8,1,"2026-07-21 22:51:07.523722"
"ROK","ok",8,1,"2026-07-21 22:51:09.875108"
"MLM","ok",8,1,"2026-07-21 22:51:12.247054"
"EXR","ok",7,1,"2026-07-21 22:51:14.696604"
"DD","ok",8,1,"2026-07-21 22:51:16.74624"
"ETR","ok",8,1,"2026-07-21 22:51:18.244517"
"DECK","ok",8,1,"2026-07-21 22:51:20.804068"
"EFX","ok",8,1,"2026-07-21 22:51:23.120718"
"UAL","ok",8,1,"2026-07-21 22:51:25.204577"
"WTW","ok",8,1,"2026-07-21 22:51:26.820821"
"TTWO","ok",3,1,"2026-07-21 22:51:28.816884"
"HIG","ok",7,1,"2026-07-21 22:51:30.550789"
"RJF","ok",8,1,"2026-07-21 22:51:32.674179"
"AVB","ok",8,1,"2026-07-21 22:51:35.094978"
"MTB","ok",8,1,"2026-07-21 22:51:36.923382"
"DXCM","ok",8,1,"2026-07-21 22:51:38.350345"
"ED","ok",7,1,"2026-07-21 22:51:40.797496"
"EBAY","ok",6,1,"2026-07-21 22:51:42.238673"
"HPQ","ok",8,1,"2026-07-21 22:51:44.025828"
"IRM","ok",6,1,"2026-07-21 22:51:45.797384"
"EIX","ok",8,1,"2026-07-21 22:51:47.358263"
"LYV","ok",8,1,"2026-07-21 22:51:49.12853"
"VICI","ok",6,1,"2026-07-21 22:51:51.547465"
"CNC","ok",8,1,"2026-07-21 22:51:53.275389"
"WEC","ok",8,1,"2026-07-21 22:51:55.044407"
"MCHP","ok",8,1,"2026-07-21 22:51:57.133128"
"HUM","ok",8,1,"2026-07-21 22:52:02.678625"
"ANSS","empty",0,1,"2026-07-21 22:52:33.177414"
"BRO","ok",8,1,"2026-07-21 22:52:34.894057"
"CSGP","ok",7,1,"2026-07-21 22:52:37.31939"
"MPWR","ok",8,1,"2026-07-21 22:52:38.877985"
"GDDY","ok",8,1,"2026-07-21 22:52:49.379407"
"TSCO","ok",7,1,"2026-07-21 22:52:52.017185"
"STT","ok",8,1,"2026-07-21 22:52:54.524919"
"CAH","ok",8,1,"2026-07-21 22:52:56.91948"
"GPN","ok",7,1,"2026-07-21 22:52:59.443837"
"FITB","ok",6,1,"2026-07-21 22:53:01.899524"
"XYL","ok",8,1,"2026-07-21 22:53:03.43528"
"HPE","ok",6,1,"2026-07-21 22:53:05.292157"
"KEYS","ok",7,1,"2026-07-21 22:53:07.568101"
"DOW","ok",7,1,"2026-07-21 22:53:13.66568"
"EQR","ok",6,1,"2026-07-21 22:53:15.441397"
"ON","ok",8,1,"2026-07-21 22:53:19.128846"
"PPG","ok",7,1,"2026-07-21 22:53:21.2991"
"K","empty",0,1,"2026-07-21 22:53:51.337358"
"SW","ok",8,1,"2026-07-21 22:53:53.263947"
"NUE","ok",8,1,"2026-07-21 22:53:54.890791"
"EL","ok",8,1,"2026-07-21 22:53:57.620314"
"BR","ok",8,1,"2026-07-21 22:53:59.620996"
"WBD","ok",8,1,"2026-07-21 22:54:01.299491"
"TPL","ok",8,1,"2026-07-21 22:54:02.752557"
"CHD","ok",8,1,"2026-07-21 22:54:04.979165"
"MTD","ok",8,1,"2026-07-21 22:54:06.892098"
"DOV","ok",7,1,"2026-07-21 22:54:09.473519"
"TYL","ok",8,1,"2026-07-21 22:54:11.895526"
"FTV","ok",8,1,"2026-07-21 22:54:14.472558"
"TROW","ok",8,1,"2026-07-21 22:54:16.054887"
"VLTO","ok",8,1,"2026-07-21 22:54:18.147504"
"EQT","ok",8,1,"2026-07-21 22:54:20.335625"
"SYF","ok",8,1,"2026-07-21 22:54:22.83146"
"NVR","ok",8,1,"2026-07-21 22:54:25.422391"
"DTE","ok",8,1,"2026-07-21 22:54:27.949244"
"VTR","ok",7,1,"2026-07-21 22:54:29.494964"
"AWK","ok",7,1,"2026-07-21 22:54:31.028094"
"ADM","ok",8,1,"2026-07-21 22:54:32.981634"
"NTAP","ok",7,1,"2026-07-21 22:54:35.119069"
"WST","ok",8,1,"2026-07-21 22:54:37.727708"
"CPAY","ok",8,1,"2026-07-21 22:54:39.776906"
"PPL","ok",8,1,"2026-07-21 22:54:41.88781"
"LYB","ok",8,1,"2026-07-21 22:54:44.43773"
"AEE","ok",8,1,"2026-07-21 22:54:46.601436"
"EXPE","ok",8,1,"2026-07-21 22:54:49.055836"
"HBAN","ok",7,1,"2026-07-21 22:54:50.893657"
"CDW","ok",8,1,"2026-07-21 22:54:52.914655"
"FE","ok",8,1,"2026-07-21 22:54:55.00347"
"HUBB","ok",8,1,"2026-07-21 22:54:56.432207"
"HAL","ok",8,1,"2026-07-21 22:54:58.454766"
"ROL","ok",8,1,"2026-07-21 22:55:01.256194"
"PHM","ok",7,1,"2026-07-21 22:55:03.618409"
"CINF","ok",8,1,"2026-07-21 22:55:05.879283"
"PTC","ok",8,1,"2026-07-21 22:55:08.855096"
"WRB","ok",8,1,"2026-07-21 22:55:11.020982"
"DRI","ok",8,1,"2026-07-21 22:55:13.395911"
"FOXA","ok",8,1,"2026-07-21 22:55:16.885785"
"FOX","ok",8,1,"2026-07-21 22:55:18.868843"
"IFF","ok",8,1,"2026-07-21 22:55:21.133594"
"SBAC","ok",6,1,"2026-07-21 22:55:23.352524"
"WAT","ok",8,1,"2026-07-21 22:55:25.431466"
"ERIE","ok",8,1,"2026-07-21 22:55:28.708319"
"TDY","ok",8,1,"2026-07-21 22:55:31.386119"
"ATO","ok",8,1,"2026-07-21 22:55:33.761123"
"RF","ok",8,1,"2026-07-21 22:55:39.155292"
"BIIB","ok",8,1,"2026-07-21 22:55:41.854517"
"ZBH","ok",8,1,"2026-07-21 22:55:48.497408"
"CNP","ok",8,1,"2026-07-21 22:55:51.25145"
"MKC","ok",8,1,"2026-07-21 22:55:53.38421"
"ES","ok",8,1,"2026-07-21 22:55:55.092037"
"WDC","ok",8,1,"2026-07-21 22:55:57.534517"
"TSN","ok",8,1,"2026-07-21 22:56:00.304978"
"TER","ok",8,1,"2026-07-21 22:56:02.399625"
"STE","ok",8,1,"2026-07-21 22:56:04.795801"
"PKG","ok",8,1,"2026-07-21 22:56:06.917698"
"CLX","ok",8,1,"2026-07-21 22:56:08.927135"
"NTRS","ok",7,1,"2026-07-21 22:56:11.516862"
"ZBRA","ok",8,1,"2026-07-21 22:56:13.200755"
"DVN","ok",8,1,"2026-07-21 22:56:15.976363"
"CBOE","ok",8,1,"2026-07-21 22:56:18.536294"
"WY","ok",8,1,"2026-07-21 22:56:20.143157"
"LUV","ok",8,1,"2026-07-21 22:56:21.982897"
"ULTA","ok",8,1,"2026-07-21 22:56:24.537011"
"CMS","ok",8,1,"2026-07-21 22:56:26.878793"
"INVH","ok",7,1,"2026-07-21 22:56:28.394686"
"FSLR","ok",8,1,"2026-07-21 22:56:30.665932"
"BF-B","ok",8,1,"2026-07-21 22:56:32.715347"
"LDOS","ok",8,1,"2026-07-21 22:56:34.91732"
"CFG","ok",8,1,"2026-07-21 22:56:37.406063"
"LH","ok",8,1,"2026-07-21 22:56:39.0942"
"VRSN","ok",8,1,"2026-07-21 22:56:41.196125"
"IP","ok",8,1,"2026-07-21 22:56:43.642741"
"ESS","ok",8,1,"2026-07-21 22:56:46.306555"
"PODD","ok",8,1,"2026-07-21 22:56:48.297734"
"COO","ok",8,1,"2026-07-21 22:56:50.023297"
"SMCI","ok",6,1,"2026-07-21 22:56:52.052408"
"STX","ok",6,1,"2026-07-21 22:56:54.431001"
"MAA","ok",7,1,"2026-07-21 22:56:56.207524"
"FDS","ok",8,1,"2026-07-21 22:56:58.632248"
"NRG","ok",6,1,"2026-07-21 22:57:00.400172"
"BBY","ok",8,1,"2026-07-21 22:57:02.411703"
"SNA","ok",7,1,"2026-07-21 22:57:04.970315"
"L","ok",8,1,"2026-07-21 22:57:07.525512"
"PFG","ok",8,1,"2026-07-21 22:57:08.969529"
"STLD","ok",8,1,"2026-07-21 22:57:11.407788"
"TRMB","ok",8,1,"2026-07-21 22:57:13.155186"
"OMC","ok",7,1,"2026-07-21 22:57:15.129334"
"CTRA","ok",7,1,"2026-07-21 22:57:17.93124"
"HRL","ok",8,1,"2026-07-21 22:57:20.017642"
"ARE","ok",8,1,"2026-07-21 22:57:22.204895"
"BLDR","ok",8,1,"2026-07-21 22:57:23.865959"
"JBHT","ok",8,1,"2026-07-21 22:57:25.979015"
"GEN","ok",7,1,"2026-07-21 22:57:27.334907"
"DGX","ok",8,1,"2026-07-21 22:57:29.641796"
"KEY","ok",8,1,"2026-07-21 22:57:31.149225"
"NI","ok",8,1,"2026-07-21 22:57:33.497498"
"MOH","ok",8,1,"2026-07-21 22:57:35.258878"
"PNR","ok",8,1,"2026-07-21 22:57:37.945777"
"J","ok",8,1,"2026-07-21 22:57:40.203379"
"DG","ok",8,1,"2026-07-21 22:57:41.846361"
"BALL","ok",8,1,"2026-07-21 22:57:43.887793"
"NWS","ok",8,1,"2026-07-21 22:57:46.235153"
"NWSA","ok",8,1,"2026-07-21 22:57:47.750615"
"UDR","ok",7,1,"2026-07-21 22:57:49.961085"
"HOLX","ok",7,1,"2026-07-21 22:57:52.571969"
"JBL","ok",8,1,"2026-07-21 22:57:55.123774"
"GPC","ok",8,1,"2026-07-21 22:57:56.827024"
"IEX","ok",8,1,"2026-07-21 22:57:58.832131"
"MAS","ok",8,1,"2026-07-21 22:58:00.832204"
"KIM","ok",7,1,"2026-07-21 22:58:02.548771"
"ALGN","ok",8,1,"2026-07-21 22:58:04.612982"
"DLTR","ok",8,1,"2026-07-21 22:58:06.720641"
"EXPD","ok",4,1,"2026-07-21 22:58:08.647173"
"EG","ok",8,1,"2026-07-21 22:58:10.938545"
"MRNA","ok",7,1,"2026-07-21 22:58:12.636089"
"LNT","ok",8,1,"2026-07-21 22:58:15.419291"
"AVY","ok",8,1,"2026-07-21 22:58:18.185137"
"BAX","ok",8,1,"2026-07-21 22:58:20.251246"
"TPR","ok",7,1,"2026-07-21 22:58:22.382171"
"VTRS","ok",8,1,"2026-07-21 22:58:24.655436"
"CF","ok",7,1,"2026-07-21 22:58:27.127597"
"FFIV","ok",8,1,"2026-07-21 22:58:29.112526"
"DPZ","ok",8,1,"2026-07-21 22:58:31.235945"
"AKAM","ok",7,1,"2026-07-21 22:58:33.053317"
"RL","ok",8,1,"2026-07-21 22:58:34.876454"
"TXT","ok",7,1,"2026-07-21 22:58:36.399467"
"SWKS","ok",8,1,"2026-07-21 22:58:38.900048"
"EVRG","ok",8,1,"2026-07-21 22:58:40.409301"
"EPAM","ok",7,1,"2026-07-21 22:58:42.711674"
"DOC","ok",7,1,"2026-07-21 22:58:44.441295"
"APTV","ok",8,1,"2026-07-21 22:58:46.000647"
"RVTY","ok",8,1,"2026-07-21 22:58:47.79244"
"AMCR","ok",8,1,"2026-07-21 22:58:50.122207"
"REG","ok",6,1,"2026-07-21 22:58:51.587337"
"POOL","ok",8,1,"2026-07-21 22:58:53.87055"
"INCY","ok",7,1,"2026-07-21 22:58:55.659808"
"BXP","ok",7,1,"2026-07-21 22:58:57.576322"
"KMX","ok",7,1,"2026-07-21 22:58:59.564333"
"CAG","ok",8,1,"2026-07-21 22:59:00.978373"
"HST","ok",7,1,"2026-07-21 22:59:02.65249"
"JKHY","ok",8,1,"2026-07-21 22:59:04.641222"
"SWK","ok",8,1,"2026-07-21 22:59:06.802956"
"DVA","ok",8,1,"2026-07-21 22:59:08.645516"
"CPB","ok",8,1,"2026-07-21 22:59:10.296066"
"CHRW","ok",8,1,"2026-07-21 22:59:12.633547"
"JNPR","empty",0,1,"2026-07-21 22:59:43.37694"
"CPT","ok",7,1,"2026-07-21 22:59:45.592092"
"TAP","ok",8,1,"2026-07-21 22:59:47.989389"
"NDSN","ok",8,1,"2026-07-21 22:59:50.403712"
"PAYC","ok",7,1,"2026-07-21 22:59:52.755066"
"UHS","ok",8,1,"2026-07-21 22:59:55.496602"
"NCLH","ok",8,1,"2026-07-21 22:59:56.916279"
"DAY","ok",4,1,"2026-07-21 22:59:59.089834"
"SJM","ok",8,1,"2026-07-21 23:00:01.812478"
"TECH","ok",8,1,"2026-07-21 23:00:04.575861"
"SOLV","ok",8,1,"2026-07-21 23:00:06.930745"
"ALLE","ok",8,1,"2026-07-21 23:00:08.757067"
"BG","ok",8,1,"2026-07-21 23:00:11.445839"
"AIZ","ok",8,1,"2026-07-21 23:00:14.240871"
"IPG","ok",1,1,"2026-07-21 23:00:16.993129"
"BEN","ok",8,1,"2026-07-21 23:00:19.107791"
"EMN","ok",8,1,"2026-07-21 23:00:22.093769"
"ALB","ok",8,1,"2026-07-21 23:00:25.264734"
"MGM","ok",8,1,"2026-07-21 23:00:27.515628"
"AOS","ok",8,1,"2026-07-21 23:00:29.980814"
"WYNN","ok",8,1,"2026-07-21 23:00:32.709721"
"PNW","ok",7,1,"2026-07-21 23:00:35.030909"
"ENPH","ok",7,1,"2026-07-21 23:00:44.72232"
"LKQ","ok",8,1,"2026-07-21 23:00:47.794187"
"FRT","ok",6,1,"2026-07-21 23:00:52.360388"
"CRL","ok",8,1,"2026-07-21 23:00:54.909105"
"GNRC","ok",8,1,"2026-07-21 23:00:57.335337"
"AES","ok",8,1,"2026-07-21 23:01:00.079548"
"GL","ok",8,1,"2026-07-21 23:01:02.597786"
"LW","ok",8,1,"2026-07-21 23:01:04.27976"
"HSIC","ok",8,1,"2026-07-21 23:01:06.415957"
"MKTX","ok",8,1,"2026-07-21 23:01:08.949291"
"MTCH","ok",4,1,"2026-07-21 23:01:10.83262"
"TFX","ok",8,1,"2026-07-21 23:01:13.491122"
"WBA","empty",0,1,"2026-07-21 23:01:42.637422"
"HAS","ok",8,1,"2026-07-21 23:01:44.973867"
"IVZ","ok",8,1,"2026-07-21 23:01:46.797189"
"APA","ok",8,1,"2026-07-21 23:01:49.413562"
"MOS","ok",7,1,"2026-07-21 23:01:51.061745"
"PARA","ok",1,1,"2026-07-21 23:01:53.674827"
"MHK","ok",7,1,"2026-07-21 23:01:56.118171"
"CE","ok",8,1,"2026-07-21 23:01:58.742302"
"HII","ok",8,1,"2026-07-21 23:02:00.487215"
"CZR","ok",8,1,"2026-07-21 23:02:02.492815"
"BWA","ok",8,1,"2026-07-21 23:02:05.469292"
"QRVO","ok",7,1,"2026-07-21 23:02:06.970083"
"FMC","ok",8,1,"2026-07-21 23:02:08.76031"
"AMTM","ok",7,1,"2026-07-21 23:02:11.29256"
